[
  {
    "scenario": "AllZeroInputs",
    "input variable": [
      {
        "a": "00000",
        "b": "00000",
        "c": "00000",
        "d": "00000",
        "e": "00000",
        "f": "00000"
      }
    ],
    "output variable": [
      {
        "w": "00000000",
        "x": "00000000",
        "y": "00000000",
        "z": "00000011"
      }
    ]
  },
  {
    "scenario": "AllOneInputs",
    "input variable": [
      {
        "a": "11111",
        "b": "11111",
        "c": "11111",
        "d": "11111",
        "e": "11111",
        "f": "11111"
      }
    ],
    "output variable": [
      {
        "w": "11111111",
        "x": "11111111",
        "y": "11111111",
        "z": "11111111"
      }
    ]
  },
  {
    "scenario": "AlternatingBits",
    "input variable": [
      {
        "a": "10101",
        "b": "10101",
        "c": "10101",
        "d": "10101",
        "e": "10101",
        "f": "10101"
      }
    ],
    "output variable": [
      {
        "w": "10101101",
        "x": "01101011",
        "y": "01011010",
        "z": "11010111"
      }
    ]
  },
  {
    "scenario": "CountingPattern",
    "input variable": [
      {
        "a": "00001",
        "b": "00010",
        "c": "00011",
        "d": "00100",
        "e": "00101",
        "f": "00110"
      }
    ],
    "output variable": [
      {
        "w": "00001000",
        "x": "10000110",
        "y": "01000010",
        "z": "10011011"
      }
    ]
  },
  {
    "scenario": "OneHotInputs",
    "input variable": [
      {
        "a": "00001",
        "b": "00010",
        "c": "00100",
        "d": "01000",
        "e": "10000",
        "f": "00001"
      }
    ],
    "output variable": [
      {
        "w": "00001000",
        "x": "10001000",
        "y": "10001000",
        "z": "00000111"
      }
    ]
  },
  {
    "scenario": "ReverseCountingPattern",
    "input variable": [
      {
        "a": "11111",
        "b": "11110",
        "c": "11101",
        "d": "11100",
        "e": "11011",
        "f": "11010"
      }
    ],
    "output variable": [
      {
        "w": "11111111",
        "x": "10111011",
        "y": "11001101",
        "z": "11101011"
      }
    ]
  },
  {
    "scenario": "CheckerboardPattern",
    "input variable": [
      {
        "a": "11111",
        "b": "00000",
        "c": "11111",
        "d": "00000",
        "e": "11111",
        "f": "00000"
      }
    ],
    "output variable": [
      {
        "w": "11111000",
        "x": "00111110",
        "y": "00001111",
        "z": "10000011"
      }
    ]
  },
  {
    "scenario": "WalkingOnes",
    "input variable": [
      {
        "a": "00001",
        "b": "00010",
        "c": "00100",
        "d": "01000",
        "e": "10000",
        "f": "00001"
      }
    ],
    "output variable": [
      {
        "w": "00001000",
        "x": "10001000",
        "y": "10001000",
        "z": "00000111"
      }
    ]
  }
]