[
    {
        "scenario": "SelectInputA",
        "input variable": [
            {
                "a": "1",
                "b": "0",
                "sel": "0"
            }
        ]
    },
    {
        "scenario": "SelectInputB",
        "input variable": [
            {
                "a": "0",
                "b": "1",
                "sel": "1"
            }
        ]
    },
    {
        "scenario": "AllInputsZero",
        "input variable": [
            {
                "a": "0",
                "b": "0",
                "sel": "0"
            }
        ]
    },
    {
        "scenario": "AllInputsOne",
        "input variable": [
            {
                "a": "1",
                "b": "1",
                "sel": "1"
            }
        ]
    },
    {
        "scenario": "SelectAWithEqualInputs",
        "input variable": [
            {
                "a": "1",
                "b": "1",
                "sel": "0"
            }
        ]
    },
    {
        "scenario": "SelectBWithEqualInputs",
        "input variable": [
            {
                "a": "0",
                "b": "0",
                "sel": "1"
            }
        ]
    },
    {
        "scenario": "ComplementaryInputsSelectA",
        "input variable": [
            {
                "a": "1",
                "b": "0",
                "sel": "0"
            }
        ]
    },
    {
        "scenario": "ComplementaryInputsSelectB",
        "input variable": [
            {
                "a": "0",
                "b": "1",
                "sel": "1"
            }
        ]
    }
]