[
    {
        "scenario": "LeftArrowScancode",
        "input variable": [
            {
                "scancode": "1110000001101011"
            }
        ]
    },
    {
        "scenario": "DownArrowScancode",
        "input variable": [
            {
                "scancode": "1110000001110010"
            }
        ]
    },
    {
        "scenario": "RightArrowScancode",
        "input variable": [
            {
                "scancode": "1110000001110100"
            }
        ]
    },
    {
        "scenario": "UpArrowScancode",
        "input variable": [
            {
                "scancode": "1110000001110101"
            }
        ]
    },
    {
        "scenario": "AllZeroInput",
        "input variable": [
            {
                "scancode": "0000000000000000"
            }
        ]
    },
    {
        "scenario": "AllOneInput",
        "input variable": [
            {
                "scancode": "1111111111111111"
            }
        ]
    },
    {
        "scenario": "AlternatingPattern",
        "input variable": [
            {
                "scancode": "0101010101010101"
            }
        ]
    },
    {
        "scenario": "NearValidCode",
        "input variable": [
            {
                "scancode": "1110000001101010"
            },
            {
                "scancode": "1110000001101100"
            }
        ]
    }
]