[
  {
    "scenario": "LeftArrowScancode",
    "input variable": [
      {
        "scancode": "1110000001101011"
      }
    ],
    "output variable": [
      {
        "left": "1",
        "down": "0",
        "right": "0",
        "up": "0"
      }
    ]
  },
  {
    "scenario": "DownArrowScancode",
    "input variable": [
      {
        "scancode": "1110000001110010"
      }
    ],
    "output variable": [
      {
        "left": "0",
        "down": "1",
        "right": "0",
        "up": "0"
      }
    ]
  },
  {
    "scenario": "RightArrowScancode",
    "input variable": [
      {
        "scancode": "1110000001110100"
      }
    ],
    "output variable": [
      {
        "left": "0",
        "down": "0",
        "right": "1",
        "up": "0"
      }
    ]
  },
  {
    "scenario": "UpArrowScancode",
    "input variable": [
      {
        "scancode": "1110000001110101"
      }
    ],
    "output variable": [
      {
        "left": "0",
        "down": "0",
        "right": "0",
        "up": "1"
      }
    ]
  },
  {
    "scenario": "AllZeroInput",
    "input variable": [
      {
        "scancode": "0000000000000000"
      }
    ],
    "output variable": [
      {
        "left": "0",
        "down": "0",
        "right": "0",
        "up": "0"
      }
    ]
  },
  {
    "scenario": "AllOneInput",
    "input variable": [
      {
        "scancode": "1111111111111111"
      }
    ],
    "output variable": [
      {
        "left": "0",
        "down": "0",
        "right": "0",
        "up": "0"
      }
    ]
  },
  {
    "scenario": "AlternatingPattern",
    "input variable": [
      {
        "scancode": "0101010101010101"
      }
    ],
    "output variable": [
      {
        "left": "0",
        "down": "0",
        "right": "0",
        "up": "0"
      }
    ]
  },
  {
    "scenario": "NearValidCode",
    "input variable": [
      {
        "scancode": "1110000001101010"
      },
      {
        "scancode": "1110000001101100"
      }
    ],
    "output variable": [
      {
        "left": "0",
        "down": "0",
        "right": "0",
        "up": "0"
      },
      {
        "left": "0",
        "down": "0",
        "right": "0",
        "up": "0"
      }
    ]
  }
]