[
    {
        "scenario": "AllZeros",
        "input variable": [
            {
                "vec": "000"
            }
        ]
    },
    {
        "scenario": "AllOnes",
        "input variable": [
            {
                "vec": "111"
            }
        ]
    },
    {
        "scenario": "AlternatingBitsStartZero",
        "input variable": [
            {
                "vec": "010"
            }
        ]
    },
    {
        "scenario": "AlternatingBitsStartOne",
        "input variable": [
            {
                "vec": "101"
            }
        ]
    },
    {
        "scenario": "OneHotLSB",
        "input variable": [
            {
                "vec": "001"
            }
        ]
    },
    {
        "scenario": "OneHotMSB",
        "input variable": [
            {
                "vec": "100"
            }
        ]
    },
    {
        "scenario": "OneHotMiddle",
        "input variable": [
            {
                "vec": "010"
            }
        ]
    },
    {
        "scenario": "GrayCodePattern",
        "input variable": [
            {
                "vec": "011"
            }
        ]
    }
]