[
    {
        "scenario": "AllInputsLow",
        "input variable": [
            {
                "cpu_overheated": "0",
                "arrived": "0",
                "gas_tank_empty": "0"
            }
        ]
    },
    {
        "scenario": "AllInputsHigh",
        "input variable": [
            {
                "cpu_overheated": "1",
                "arrived": "1",
                "gas_tank_empty": "1"
            }
        ]
    },
    {
        "scenario": "CpuOverheatedOnly",
        "input variable": [
            {
                "cpu_overheated": "1",
                "arrived": "0",
                "gas_tank_empty": "0"
            }
        ]
    },
    {
        "scenario": "ArrivedWithEmptyTank",
        "input variable": [
            {
                "cpu_overheated": "0",
                "arrived": "1",
                "gas_tank_empty": "1"
            }
        ]
    },
    {
        "scenario": "ArrivedWithFullTank",
        "input variable": [
            {
                "cpu_overheated": "0",
                "arrived": "1",
                "gas_tank_empty": "0"
            }
        ]
    },
    {
        "scenario": "DrivingWithEmptyTank",
        "input variable": [
            {
                "cpu_overheated": "0",
                "arrived": "0",
                "gas_tank_empty": "1"
            }
        ]
    },
    {
        "scenario": "CpuOverheatWhileDriving",
        "input variable": [
            {
                "cpu_overheated": "1",
                "arrived": "0",
                "gas_tank_empty": "0"
            }
        ]
    },
    {
        "scenario": "EmptyTankWithOverheat",
        "input variable": [
            {
                "cpu_overheated": "1",
                "arrived": "0",
                "gas_tank_empty": "1"
            }
        ]
    }
]