[
    {
        "scenario": "AllZeroInputs",
        "input variable": [
            {
                "x3": "0",
                "x2": "0",
                "x1": "0"
            }
        ]
    },
    {
        "scenario": "AllOneInputs",
        "input variable": [
            {
                "x3": "1",
                "x2": "1",
                "x1": "1"
            }
        ]
    },
    {
        "scenario": "AlternatingPattern1",
        "input variable": [
            {
                "x3": "0",
                "x2": "1",
                "x1": "0"
            }
        ]
    },
    {
        "scenario": "AlternatingPattern2",
        "input variable": [
            {
                "x3": "1",
                "x2": "0",
                "x1": "1"
            }
        ]
    },
    {
        "scenario": "LowBitsActive",
        "input variable": [
            {
                "x3": "0",
                "x2": "1",
                "x1": "1"
            }
        ]
    },
    {
        "scenario": "HighBitsActive",
        "input variable": [
            {
                "x3": "1",
                "x2": "1",
                "x1": "0"
            }
        ]
    },
    {
        "scenario": "SingleBitHigh1",
        "input variable": [
            {
                "x3": "0",
                "x2": "0",
                "x1": "1"
            }
        ]
    },
    {
        "scenario": "SingleBitHigh2",
        "input variable": [
            {
                "x3": "1",
                "x2": "0",
                "x1": "0"
            }
        ]
    }
]