[
    {
        "scenario": "HeatingModeTooCold",
        "input variable": [
            {
                "mode": "1",
                "too_cold": "1",
                "too_hot": "0",
                "fan_on": "0"
            }
        ]
    },
    {
        "scenario": "CoolingModeTooHot",
        "input variable": [
            {
                "mode": "0",
                "too_cold": "0",
                "too_hot": "1",
                "fan_on": "0"
            }
        ]
    },
    {
        "scenario": "ManualFanOnly",
        "input variable": [
            {
                "mode": "0",
                "too_cold": "0",
                "too_hot": "0",
                "fan_on": "1"
            }
        ]
    },
    {
        "scenario": "HeatingModeIgnoreHot",
        "input variable": [
            {
                "mode": "1",
                "too_cold": "0",
                "too_hot": "1",
                "fan_on": "0"
            }
        ]
    },
    {
        "scenario": "CoolingModeIgnoreCold",
        "input variable": [
            {
                "mode": "0",
                "too_cold": "1",
                "too_hot": "0",
                "fan_on": "0"
            }
        ]
    },
    {
        "scenario": "AllInputsActive",
        "input variable": [
            {
                "mode": "1",
                "too_cold": "1",
                "too_hot": "1",
                "fan_on": "1"
            }
        ]
    },
    {
        "scenario": "AllInputsInactive",
        "input variable": [
            {
                "mode": "0",
                "too_cold": "0",
                "too_hot": "0",
                "fan_on": "0"
            }
        ]
    },
    {
        "scenario": "FanOverride",
        "input variable": [
            {
                "mode": "1",
                "too_cold": "1",
                "too_hot": "0",
                "fan_on": "1"
            }
        ]
    }
]