[
    {
        "scenario": "AllZerosInput",
        "input variable": [
            {
                "in": "00000000"
            }
        ]
    },
    {
        "scenario": "AllOnesInput",
        "input variable": [
            {
                "in": "11111111"
            }
        ]
    },
    {
        "scenario": "SmallestPositiveNumber",
        "input variable": [
            {
                "in": "00000001"
            }
        ]
    },
    {
        "scenario": "LargestPositiveNumber",
        "input variable": [
            {
                "in": "01111111"
            }
        ]
    },
    {
        "scenario": "SmallestNegativeNumber",
        "input variable": [
            {
                "in": "10000000"
            }
        ]
    },
    {
        "scenario": "LargestNegativeNumber",
        "input variable": [
            {
                "in": "11111111"
            }
        ]
    },
    {
        "scenario": "AlternatingBitsPositive",
        "input variable": [
            {
                "in": "01010101"
            }
        ]
    },
    {
        "scenario": "AlternatingBitsNegative",
        "input variable": [
            {
                "in": "10101010"
            }
        ]
    }
]