[
  {
    "scenario": "AllZerosInput",
    "input variable": [
      {
        "in": "00000000"
      }
    ],
    "output variable": [
      {
        "out": "00000000000000000000000000000000"
      }
    ]
  },
  {
    "scenario": "AllOnesInput",
    "input variable": [
      {
        "in": "11111111"
      }
    ],
    "output variable": [
      {
        "out": "11111111111111111111111111111111"
      }
    ]
  },
  {
    "scenario": "SmallestPositiveNumber",
    "input variable": [
      {
        "in": "00000001"
      }
    ],
    "output variable": [
      {
        "out": "00000000000000000000000000000001"
      }
    ]
  },
  {
    "scenario": "LargestPositiveNumber",
    "input variable": [
      {
        "in": "01111111"
      }
    ],
    "output variable": [
      {
        "out": "00000000000000000000000001111111"
      }
    ]
  },
  {
    "scenario": "SmallestNegativeNumber",
    "input variable": [
      {
        "in": "10000000"
      }
    ],
    "output variable": [
      {
        "out": "11111111111111111111111110000000"
      }
    ]
  },
  {
    "scenario": "LargestNegativeNumber",
    "input variable": [
      {
        "in": "11111111"
      }
    ],
    "output variable": [
      {
        "out": "11111111111111111111111111111111"
      }
    ]
  },
  {
    "scenario": "AlternatingBitsPositive",
    "input variable": [
      {
        "in": "01010101"
      }
    ],
    "output variable": [
      {
        "out": "00000000000000000000000001010101"
      }
    ]
  },
  {
    "scenario": "AlternatingBitsNegative",
    "input variable": [
      {
        "in": "10101010"
      }
    ],
    "output variable": [
      {
        "out": "11111111111111111111111110101010"
      }
    ]
  }
]