[
    {
        "scenario": "BasicTransitionToS1",
        "input variable": [
            {
                "in": "1",
                "state": "0000000001"
            }
        ]
    },
    {
        "scenario": "PathToS7",
        "input variable": [
            {
                "in": "1",
                "state": "0000000001"
            }
        ]
    },
    {
        "scenario": "PathToS8",
        "input variable": [
            {
                "in": "0",
                "state": "0000010000"
            }
        ]
    },
    {
        "scenario": "PathToS9",
        "input variable": [
            {
                "in": "0",
                "state": "0000001000"
            }
        ]
    },
    {
        "scenario": "ReturnToS0FromS7",
        "input variable": [
            {
                "in": "0",
                "state": "0000000100"
            }
        ]
    },
    {
        "scenario": "StayInS7",
        "input variable": [
            {
                "in": "1",
                "state": "0000000100"
            }
        ]
    },
    {
        "scenario": "ReturnToS0FromS8",
        "input variable": [
            {
                "in": "0",
                "state": "0000000010"
            }
        ]
    },
    {
        "scenario": "ReturnToS0FromS9",
        "input variable": [
            {
                "in": "0",
                "state": "0000000001"
            }
        ]
    }
]