[
  {
    "scenario": "BasicTransitionToS1",
    "input variable": [
      {
        "in": "1",
        "state": "0000000001"
      }
    ],
    "output variable": [
      {
        "next_state": "0000000010",
        "out1": 0,
        "out2": 0
      }
    ]
  },
  {
    "scenario": "PathToS7",
    "input variable": [
      {
        "in": "1",
        "state": "0000000001"
      }
    ],
    "output variable": [
      {
        "next_state": "0000000010",
        "out1": 0,
        "out2": 0
      }
    ]
  },
  {
    "scenario": "PathToS8",
    "input variable": [
      {
        "in": "0",
        "state": "0000010000"
      }
    ],
    "output variable": [
      {
        "next_state": "0000000001",
        "out1": 0,
        "out2": 0
      }
    ]
  },
  {
    "scenario": "PathToS9",
    "input variable": [
      {
        "in": "0",
        "state": "0000001000"
      }
    ],
    "output variable": [
      {
        "next_state": "0000000001",
        "out1": 0,
        "out2": 0
      }
    ]
  },
  {
    "scenario": "ReturnToS0FromS7",
    "input variable": [
      {
        "in": "0",
        "state": "0000000100"
      }
    ],
    "output variable": [
      {
        "next_state": "0000000001",
        "out1": 0,
        "out2": 0
      }
    ]
  },
  {
    "scenario": "StayInS7",
    "input variable": [
      {
        "in": "1",
        "state": "0000000100"
      }
    ],
    "output variable": [
      {
        "next_state": "0000001000",
        "out1": 0,
        "out2": 0
      }
    ]
  },
  {
    "scenario": "ReturnToS0FromS8",
    "input variable": [
      {
        "in": "0",
        "state": "0000000010"
      }
    ],
    "output variable": [
      {
        "next_state": "0000000001",
        "out1": 0,
        "out2": 0
      }
    ]
  },
  {
    "scenario": "ReturnToS0FromS9",
    "input variable": [
      {
        "in": "0",
        "state": "0000000001"
      }
    ],
    "output variable": [
      {
        "next_state": "0000000001",
        "out1": 0,
        "out2": 0
      }
    ]
  }
]