[
    {
        "scenario": "AllZeroInputs",
        "input variable": [
            {
                "a": "0",
                "b": "0",
                "c": "0"
            }
        ]
    },
    {
        "scenario": "AllOneInputs",
        "input variable": [
            {
                "a": "1",
                "b": "1",
                "c": "1"
            }
        ]
    },
    {
        "scenario": "OnlyAHigh",
        "input variable": [
            {
                "a": "1",
                "b": "0",
                "c": "0"
            }
        ]
    },
    {
        "scenario": "OnlyBHigh",
        "input variable": [
            {
                "a": "0",
                "b": "1",
                "c": "0"
            }
        ]
    },
    {
        "scenario": "OnlyCHigh",
        "input variable": [
            {
                "a": "0",
                "b": "0",
                "c": "1"
            }
        ]
    },
    {
        "scenario": "TwoInputsHigh",
        "input variable": [
            {
                "a": "1",
                "b": "1",
                "c": "0"
            }
        ]
    },
    {
        "scenario": "AlternatingPattern",
        "input variable": [
            {
                "a": "1",
                "b": "0",
                "c": "1"
            }
        ]
    },
    {
        "scenario": "ComplementPattern",
        "input variable": [
            {
                "a": "0",
                "b": "1",
                "c": "1"
            }
        ]
    }
]