[
    {
        "scenario": "AllZeros",
        "input variable": [
            {
                "in": "0000"
            }
        ]
    },
    {
        "scenario": "AllOnes",
        "input variable": [
            {
                "in": "1111"
            }
        ]
    },
    {
        "scenario": "AlternatingBits",
        "input variable": [
            {
                "in": "1010"
            }
        ]
    },
    {
        "scenario": "ReverseAlternatingBits",
        "input variable": [
            {
                "in": "0101"
            }
        ]
    },
    {
        "scenario": "SingleBitHot",
        "input variable": [
            {
                "in": "0001"
            }
        ]
    },
    {
        "scenario": "ThreeBitsHot",
        "input variable": [
            {
                "in": "1110"
            }
        ]
    },
    {
        "scenario": "CenterBitsHot",
        "input variable": [
            {
                "in": "0110"
            }
        ]
    },
    {
        "scenario": "OuterBitsHot",
        "input variable": [
            {
                "in": "1001"
            }
        ]
    }
]