[
  {
    "scenario": "AllZeros",
    "input variable": [
      {
        "in": "0000"
      }
    ],
    "output variable": [
      {
        "out_and": "0",
        "out_or": "0",
        "out_xor": "0"
      }
    ]
  },
  {
    "scenario": "AllOnes",
    "input variable": [
      {
        "in": "1111"
      }
    ],
    "output variable": [
      {
        "out_and": "1",
        "out_or": "1",
        "out_xor": "0"
      }
    ]
  },
  {
    "scenario": "AlternatingBits",
    "input variable": [
      {
        "in": "1010"
      }
    ],
    "output variable": [
      {
        "out_and": "0",
        "out_or": "1",
        "out_xor": "0"
      }
    ]
  },
  {
    "scenario": "ReverseAlternatingBits",
    "input variable": [
      {
        "in": "0101"
      }
    ],
    "output variable": [
      {
        "out_and": "0",
        "out_or": "1",
        "out_xor": "0"
      }
    ]
  },
  {
    "scenario": "SingleBitHot",
    "input variable": [
      {
        "in": "0001"
      }
    ],
    "output variable": [
      {
        "out_and": "0",
        "out_or": "1",
        "out_xor": "1"
      }
    ]
  },
  {
    "scenario": "ThreeBitsHot",
    "input variable": [
      {
        "in": "1110"
      }
    ],
    "output variable": [
      {
        "out_and": "0",
        "out_or": "1",
        "out_xor": "1"
      }
    ]
  },
  {
    "scenario": "CenterBitsHot",
    "input variable": [
      {
        "in": "0110"
      }
    ],
    "output variable": [
      {
        "out_and": "0",
        "out_or": "1",
        "out_xor": "0"
      }
    ]
  },
  {
    "scenario": "OuterBitsHot",
    "input variable": [
      {
        "in": "1001"
      }
    ],
    "output variable": [
      {
        "out_and": "0",
        "out_or": "1",
        "out_xor": "0"
      }
    ]
  }
]