[
    {
        "scenario": "TestOnes",
        "input variable": [
            {
                "x": "0000"
            },
            {
                "x": "0010"
            },
            {
                "x": "1100"
            },
            {
                "x": "1101"
            },
            {
                "x": "1111"
            },
            {
                "x": "1000"
            },
            {
                "x": "1001"
            }
        ]
    },
    {
        "scenario": "TestZeros",
        "input variable": [
            {
                "x": "0001"
            },
            {
                "x": "0011"
            },
            {
                "x": "0100"
            },
            {
                "x": "0101"
            },
            {
                "x": "0111"
            },
            {
                "x": "0110"
            },
            {
                "x": "1110"
            },
            {
                "x": "1011"
            }
        ]
    },
    {
        "scenario": "EdgeCases",
        "input variable": [
            {
                "x": "0000"
            },
            {
                "x": "1111"
            }
        ]
    },
    {
        "scenario": "RandomTests",
        "input variable": [
            {
                "x": "1010"
            },
            {
                "x": "0110"
            },
            {
                "x": "1101"
            },
            {
                "x": "0011"
            },
            {
                "x": "1001"
            },
            {
                "x": "0101"
            },
            {
                "x": "1110"
            },
            {
                "x": "0001"
            },
            {
                "x": "1011"
            },
            {
                "x": "0111"
            }
        ]
    }
]