[
    {
        "scenario": "AllZeros",
        "input variable": [
            {
                "in": "00000000"
            }
        ]
    },
    {
        "scenario": "AllOnes",
        "input variable": [
            {
                "in": "11111111"
            }
        ]
    },
    {
        "scenario": "AlternatingBits",
        "input variable": [
            {
                "in": "10101010"
            }
        ]
    },
    {
        "scenario": "SingleBitHigh",
        "input variable": [
            {
                "in": "00000001"
            }
        ]
    },
    {
        "scenario": "TwoBitsHigh",
        "input variable": [
            {
                "in": "00000011"
            }
        ]
    },
    {
        "scenario": "OddNumberOfOnes",
        "input variable": [
            {
                "in": "11100000"
            }
        ]
    },
    {
        "scenario": "EvenNumberOfOnes",
        "input variable": [
            {
                "in": "11110000"
            }
        ]
    },
    {
        "scenario": "ScatteredBits",
        "input variable": [
            {
                "in": "10010010"
            }
        ]
    }
]