[
  {
    "scenario": "AllZeroInput",
    "input variable": [
      {
        "a": "0",
        "b": "0",
        "c": "0",
        "d": "0"
      }
    ],
    "output variable": [
      {
        "out_sop": "0",
        "out_pos": "0"
      }
    ]
  },
  {
    "scenario": "AllOneInput",
    "input variable": [
      {
        "a": "1",
        "b": "1",
        "c": "1",
        "d": "1"
      }
    ],
    "output variable": [
      {
        "out_sop": "1",
        "out_pos": "1"
      }
    ]
  },
  {
    "scenario": "DetectTwo",
    "input variable": [
      {
        "a": "0",
        "b": "0",
        "c": "1",
        "d": "0"
      }
    ],
    "output variable": [
      {
        "out_sop": "1",
        "out_pos": "1"
      }
    ]
  },
  {
    "scenario": "DetectSeven",
    "input variable": [
      {
        "a": "0",
        "b": "1",
        "c": "1",
        "d": "1"
      }
    ],
    "output variable": [
      {
        "out_sop": "1",
        "out_pos": "1"
      }
    ]
  },
  {
    "scenario": "LowValueZeroOutput",
    "input variable": [
      {
        "a": "0",
        "b": "0",
        "c": "0",
        "d": "1"
      }
    ],
    "output variable": [
      {
        "out_sop": "0",
        "out_pos": "0"
      }
    ]
  },
  {
    "scenario": "MidValueZeroOutput",
    "input variable": [
      {
        "a": "0",
        "b": "1",
        "c": "1",
        "d": "0"
      }
    ],
    "output variable": [
      {
        "out_sop": "0",
        "out_pos": "0"
      }
    ]
  },
  {
    "scenario": "HighValueZeroOutput",
    "input variable": [
      {
        "a": "1",
        "b": "1",
        "c": "1",
        "d": "0"
      }
    ],
    "output variable": [
      {
        "out_sop": "0",
        "out_pos": "0"
      }
    ]
  },
  {
    "scenario": "AlternatingPattern",
    "input variable": [
      {
        "a": "1",
        "b": "0",
        "c": "1",
        "d": "0"
      }
    ],
    "output variable": [
      {
        "out_sop": "0",
        "out_pos": "0"
      }
    ]
  }
]