[
    {
        "scenario": "AllZeros",
        "input variable": [
            {
                "in": "0000"
            }
        ]
    },
    {
        "scenario": "AllOnes",
        "input variable": [
            {
                "in": "1111"
            }
        ]
    },
    {
        "scenario": "AlternatingBits",
        "input variable": [
            {
                "in": "1010"
            }
        ]
    },
    {
        "scenario": "SingleOneHot",
        "input variable": [
            {
                "in": "0100"
            }
        ]
    },
    {
        "scenario": "AdjacentPairOnes",
        "input variable": [
            {
                "in": "0011"
            }
        ]
    },
    {
        "scenario": "WrapAroundDifferent",
        "input variable": [
            {
                "in": "1000"
            }
        ]
    },
    {
        "scenario": "UpperBoundaryCheck",
        "input variable": [
            {
                "in": "1100"
            }
        ]
    },
    {
        "scenario": "LowerBoundaryCheck",
        "input variable": [
            {
                "in": "0001"
            }
        ]
    }
]