[
    {
        "scenario": "AllZerosInput",
        "input variable": [
            {
                "x": "0000"
            }
        ]
    },
    {
        "scenario": "TopRowTransition",
        "input variable": [
            {
                "x": "0000"
            },
            {
                "x": "0001"
            },
            {
                "x": "0011"
            },
            {
                "x": "0010"
            }
        ]
    },
    {
        "scenario": "BottomRowSweep",
        "input variable": [
            {
                "x": "1100"
            },
            {
                "x": "1101"
            },
            {
                "x": "1111"
            },
            {
                "x": "1110"
            }
        ]
    },
    {
        "scenario": "LeftColumnTransition",
        "input variable": [
            {
                "x": "0000"
            },
            {
                "x": "0100"
            },
            {
                "x": "1100"
            },
            {
                "x": "1000"
            }
        ]
    },
    {
        "scenario": "RightColumnSweep",
        "input variable": [
            {
                "x": "0010"
            },
            {
                "x": "0110"
            },
            {
                "x": "1110"
            },
            {
                "x": "1010"
            }
        ]
    },
    {
        "scenario": "AlternatingBits",
        "input variable": [
            {
                "x": "0101"
            },
            {
                "x": "1010"
            }
        ]
    },
    {
        "scenario": "MaximumValue",
        "input variable": [
            {
                "x": "1111"
            }
        ]
    },
    {
        "scenario": "OneHotPatterns",
        "input variable": [
            {
                "x": "0001"
            },
            {
                "x": "0010"
            },
            {
                "x": "0100"
            },
            {
                "x": "1000"
            }
        ]
    }
]