[
    {
        "scenario": "AllZeroInputs",
        "input variable": [
            {
                "a": "0",
                "b": "0",
                "c": "0",
                "d": "0",
                "e": "0"
            }
        ]
    },
    {
        "scenario": "AllOneInputs",
        "input variable": [
            {
                "a": "1",
                "b": "1",
                "c": "1",
                "d": "1",
                "e": "1"
            }
        ]
    },
    {
        "scenario": "AlternatingPattern",
        "input variable": [
            {
                "a": "1",
                "b": "0",
                "c": "1",
                "d": "0",
                "e": "1"
            }
        ]
    },
    {
        "scenario": "SingleOneHot",
        "input variable": [
            {
                "a": "1",
                "b": "0",
                "c": "0",
                "d": "0",
                "e": "0"
            }
        ]
    },
    {
        "scenario": "InvertedOneHot",
        "input variable": [
            {
                "a": "0",
                "b": "1",
                "c": "1",
                "d": "1",
                "e": "1"
            }
        ]
    },
    {
        "scenario": "TwobitGroups",
        "input variable": [
            {
                "a": "1",
                "b": "1",
                "c": "0",
                "d": "0",
                "e": "0"
            }
        ]
    },
    {
        "scenario": "ThreeBitGroups",
        "input variable": [
            {
                "a": "1",
                "b": "1",
                "c": "1",
                "d": "0",
                "e": "0"
            }
        ]
    },
    {
        "scenario": "CheckerboardPattern",
        "input variable": [
            {
                "a": "1",
                "b": "0",
                "c": "1",
                "d": "0",
                "e": "0"
            }
        ]
    }
]