[
    {
        "scenario": "AllZeros",
        "input variable": [
            {
                "in": "0000000000000000"
            }
        ]
    },
    {
        "scenario": "AllOnes",
        "input variable": [
            {
                "in": "1111111111111111"
            }
        ]
    },
    {
        "scenario": "UpperByteOnly",
        "input variable": [
            {
                "in": "1111111100000000"
            }
        ]
    },
    {
        "scenario": "LowerByteOnly",
        "input variable": [
            {
                "in": "0000000011111111"
            }
        ]
    },
    {
        "scenario": "AlternatingBitsUpper",
        "input variable": [
            {
                "in": "1010101000000000"
            }
        ]
    },
    {
        "scenario": "AlternatingBitsLower",
        "input variable": [
            {
                "in": "0000000001010101"
            }
        ]
    },
    {
        "scenario": "AlternatingBytes",
        "input variable": [
            {
                "in": "0101010101010101"
            }
        ]
    },
    {
        "scenario": "ComplementaryBytes",
        "input variable": [
            {
                "in": "1010010101011010"
            }
        ]
    }
]