[
    {
        "scenario": "InitialState",
        "input variable": [
            {}
        ]
    },
    {
        "scenario": "ExtendedOperation",
        "input variable": [
            {}
        ]
    },
    {
        "scenario": "PowerOnBehavior",
        "input variable": [
            {}
        ]
    },
    {
        "scenario": "SimulationStartup",
        "input variable": [
            {}
        ]
    },
    {
        "scenario": "TimeZero",
        "input variable": [
            {}
        ]
    },
    {
        "scenario": "DelayedObservation",
        "input variable": [
            {}
        ]
    },
    {
        "scenario": "BackToBack",
        "input variable": [
            {}
        ]
    },
    {
        "scenario": "EndOfSimulation",
        "input variable": [
            {}
        ]
    }
]