[
    {
        "scenario": "AllZeroInputs",
        "input variable": [
            {
                "p1a": "0",
                "p1b": "0",
                "p1c": "0",
                "p1d": "0",
                "p1e": "0",
                "p1f": "0",
                "p2a": "0",
                "p2b": "0",
                "p2c": "0",
                "p2d": "0"
            }
        ]
    },
    {
        "scenario": "AllOneInputs",
        "input variable": [
            {
                "p1a": "1",
                "p1b": "1",
                "p1c": "1",
                "p1d": "1",
                "p1e": "1",
                "p1f": "1",
                "p2a": "1",
                "p2b": "1",
                "p2c": "1",
                "p2d": "1"
            }
        ]
    },
    {
        "scenario": "FirstP1AndGateActive",
        "input variable": [
            {
                "p1a": "1",
                "p1b": "1",
                "p1c": "1",
                "p1d": "0",
                "p1e": "0",
                "p1f": "0",
                "p2a": "0",
                "p2b": "0",
                "p2c": "0",
                "p2d": "0"
            }
        ]
    },
    {
        "scenario": "SecondP1AndGateActive",
        "input variable": [
            {
                "p1a": "0",
                "p1b": "0",
                "p1c": "0",
                "p1d": "1",
                "p1e": "1",
                "p1f": "1",
                "p2a": "0",
                "p2b": "0",
                "p2c": "0",
                "p2d": "0"
            }
        ]
    },
    {
        "scenario": "FirstP2AndGateActive",
        "input variable": [
            {
                "p1a": "0",
                "p1b": "0",
                "p1c": "0",
                "p1d": "0",
                "p1e": "0",
                "p1f": "0",
                "p2a": "1",
                "p2b": "1",
                "p2c": "0",
                "p2d": "0"
            }
        ]
    },
    {
        "scenario": "SecondP2AndGateActive",
        "input variable": [
            {
                "p1a": "0",
                "p1b": "0",
                "p1c": "0",
                "p1d": "0",
                "p1e": "0",
                "p1f": "0",
                "p2a": "0",
                "p2b": "0",
                "p2c": "1",
                "p2d": "1"
            }
        ]
    },
    {
        "scenario": "AlternatingBitsP1",
        "input variable": [
            {
                "p1a": "1",
                "p1b": "0",
                "p1c": "1",
                "p1d": "0",
                "p1e": "1",
                "p1f": "0",
                "p2a": "0",
                "p2b": "0",
                "p2c": "0",
                "p2d": "0"
            }
        ]
    },
    {
        "scenario": "BothOutputsSimultaneous",
        "input variable": [
            {
                "p1a": "1",
                "p1b": "1",
                "p1c": "1",
                "p1d": "0",
                "p1e": "0",
                "p1f": "0",
                "p2a": "1",
                "p2b": "1",
                "p2c": "0",
                "p2d": "0"
            }
        ]
    }
]