[
    {
        "scenario": "AllZeros",
        "input variable": [
            {
                "a": "00000000",
                "b": "00000000"
            }
        ]
    },
    {
        "scenario": "AllOnes",
        "input variable": [
            {
                "a": "11111111",
                "b": "11111111"
            }
        ]
    },
    {
        "scenario": "MaxPositiveNumbers",
        "input variable": [
            {
                "a": "01111111",
                "b": "01111111"
            }
        ]
    },
    {
        "scenario": "MaxNegativeNumbers",
        "input variable": [
            {
                "a": "10000000",
                "b": "10000000"
            }
        ]
    },
    {
        "scenario": "PositiveNegativePair",
        "input variable": [
            {
                "a": "01111111",
                "b": "10000001"
            }
        ]
    },
    {
        "scenario": "AlternatingBitPattern",
        "input variable": [
            {
                "a": "01010101",
                "b": "10101010"
            }
        ]
    },
    {
        "scenario": "SmallPositiveNumbers",
        "input variable": [
            {
                "a": "00000001",
                "b": "00000010"
            }
        ]
    },
    {
        "scenario": "SmallNegativeNumbers",
        "input variable": [
            {
                "a": "11111110",
                "b": "11111101"
            }
        ]
    }
]