[
  {
    "scenario": "AllZeros",
    "input variable": [
      {
        "a": "00000000",
        "b": "00000000"
      }
    ],
    "output variable": [
      {
        "s": "00000000",
        "overflow": "0"
      }
    ]
  },
  {
    "scenario": "AllOnes",
    "input variable": [
      {
        "a": "11111111",
        "b": "11111111"
      }
    ],
    "output variable": [
      {
        "s": "11111110",
        "overflow": "0"
      }
    ]
  },
  {
    "scenario": "MaxPositiveNumbers",
    "input variable": [
      {
        "a": "01111111",
        "b": "01111111"
      }
    ],
    "output variable": [
      {
        "s": "11111110",
        "overflow": "1"
      }
    ]
  },
  {
    "scenario": "MaxNegativeNumbers",
    "input variable": [
      {
        "a": "10000000",
        "b": "10000000"
      }
    ],
    "output variable": [
      {
        "s": "00000000",
        "overflow": "1"
      }
    ]
  },
  {
    "scenario": "PositiveNegativePair",
    "input variable": [
      {
        "a": "01111111",
        "b": "10000001"
      }
    ],
    "output variable": [
      {
        "s": "00000000",
        "overflow": "0"
      }
    ]
  },
  {
    "scenario": "AlternatingBitPattern",
    "input variable": [
      {
        "a": "01010101",
        "b": "10101010"
      }
    ],
    "output variable": [
      {
        "s": "11111111",
        "overflow": "0"
      }
    ]
  },
  {
    "scenario": "SmallPositiveNumbers",
    "input variable": [
      {
        "a": "00000001",
        "b": "00000010"
      }
    ],
    "output variable": [
      {
        "s": "00000011",
        "overflow": "0"
      }
    ]
  },
  {
    "scenario": "SmallNegativeNumbers",
    "input variable": [
      {
        "a": "11111110",
        "b": "11111101"
      }
    ],
    "output variable": [
      {
        "s": "11111011",
        "overflow": "0"
      }
    ]
  }
]