[
    {
        "scenario": "BasicCase1",
        "input variable": [
            {
                "a": "00000001",
                "b": "11111111",
                "c": "11111111",
                "d": "11111111"
            }
        ]
    },
    {
        "scenario": "AllEqual",
        "input variable": [
            {
                "a": "10101010",
                "b": "10101010",
                "c": "10101010",
                "d": "10101010"
            }
        ]
    },
    {
        "scenario": "BoundaryZeros",
        "input variable": [
            {
                "a": "00000000",
                "b": "00000000",
                "c": "00000000",
                "d": "00000000"
            }
        ]
    },
    {
        "scenario": "BoundaryMax",
        "input variable": [
            {
                "a": "11111111",
                "b": "11111111",
                "c": "11111111",
                "d": "11111111"
            }
        ]
    },
    {
        "scenario": "MultipleEqual",
        "input variable": [
            {
                "a": "00000010",
                "b": "00000001",
                "c": "00000010",
                "d": "00000010"
            }
        ]
    },
    {
        "scenario": "Sequential",
        "input variable": [
            {
                "a": "00000100",
                "b": "00000011",
                "c": "00000010",
                "d": "00000001"
            }
        ]
    },
    {
        "scenario": "Random1",
        "input variable": [
            {
                "a": "10111101",
                "b": "01000001",
                "c": "11100011",
                "d": "00000110"
            }
        ]
    },
    {
        "scenario": "Random2",
        "input variable": [
            {
                "a": "11001110",
                "b": "01111100",
                "c": "00110110",
                "d": "11000010"
            }
        ]
    },
    {
        "scenario": "Random3",
        "input variable": [
            {
                "a": "10101111",
                "b": "01111011",
                "c": "01111010",
                "d": "01000101"
            }
        ]
    },
    {
        "scenario": "Random4",
        "input variable": [
            {
                "a": "01111110",
                "b": "11100101",
                "c": "10011100",
                "d": "10110101"
            }
        ]
    },
    {
        "scenario": "Random5",
        "input variable": [
            {
                "a": "11011101",
                "b": "11101011",
                "c": "00000011",
                "d": "11100001"
            }
        ]
    },
    {
        "scenario": "Random6",
        "input variable": [
            {
                "a": "11100111",
                "b": "00001010",
                "c": "10011110",
                "d": "11001111"
            }
        ]
    },
    {
        "scenario": "Random7",
        "input variable": [
            {
                "a": "00101101",
                "b": "10001111",
                "c": "10001000",
                "d": "01101100"
            }
        ]
    },
    {
        "scenario": "Random8",
        "input variable": [
            {
                "a": "11100011",
                "b": "11000111",
                "c": "00101101",
                "d": "11010110"
            }
        ]
    },
    {
        "scenario": "Random9",
        "input variable": [
            {
                "a": "01000100",
                "b": "01000011",
                "c": "01011100",
                "d": "01111011"
            }
        ]
    },
    {
        "scenario": "Random10",
        "input variable": [
            {
                "a": "10010011",
                "b": "01110000",
                "c": "00111011",
                "d": "11010111"
            }
        ]
    }
]