[
    {
        "scenario": "AllZeros",
        "input variable": [
            {
                "in": "0000"
            }
        ]
    },
    {
        "scenario": "AllOnes",
        "input variable": [
            {
                "in": "1111"
            }
        ]
    },
    {
        "scenario": "SingleBitPosition3",
        "input variable": [
            {
                "in": "1000"
            }
        ]
    },
    {
        "scenario": "SingleBitPosition2",
        "input variable": [
            {
                "in": "0100"
            }
        ]
    },
    {
        "scenario": "SingleBitPosition1",
        "input variable": [
            {
                "in": "0010"
            }
        ]
    },
    {
        "scenario": "SingleBitPosition0",
        "input variable": [
            {
                "in": "0001"
            }
        ]
    },
    {
        "scenario": "MultipleBitsHighestPriority3",
        "input variable": [
            {
                "in": "1010"
            }
        ]
    },
    {
        "scenario": "MultipleBitsHighestPriority2",
        "input variable": [
            {
                "in": "0110"
            }
        ]
    },
    {
        "scenario": "MultipleBitsHighestPriority1",
        "input variable": [
            {
                "in": "0011"
            }
        ]
    },
    {
        "scenario": "AlternatingBits",
        "input variable": [
            {
                "in": "1010"
            }
        ]
    },
    {
        "scenario": "RandomPattern6",
        "input variable": [
            {
                "in": "0110"
            }
        ]
    },
    {
        "scenario": "RandomPattern7",
        "input variable": [
            {
                "in": "0111"
            }
        ]
    },
    {
        "scenario": "RandomPattern8",
        "input variable": [
            {
                "in": "1000"
            }
        ]
    },
    {
        "scenario": "RandomPattern9",
        "input variable": [
            {
                "in": "1001"
            }
        ]
    },
    {
        "scenario": "RandomPattern10",
        "input variable": [
            {
                "in": "1010"
            }
        ]
    },
    {
        "scenario": "RandomPattern11",
        "input variable": [
            {
                "in": "1011"
            }
        ]
    },
    {
        "scenario": "RandomPattern12",
        "input variable": [
            {
                "in": "1100"
            }
        ]
    },
    {
        "scenario": "RandomPattern13",
        "input variable": [
            {
                "in": "1101"
            }
        ]
    },
    {
        "scenario": "RandomPattern14",
        "input variable": [
            {
                "in": "1110"
            }
        ]
    },
    {
        "scenario": "RandomPattern15",
        "input variable": [
            {
                "in": "1111"
            }
        ]
    }
]