[
    {
        "scenario": "AllZeroInputs",
        "input variable": [
            {
                "a": "0",
                "b": "0"
            }
        ]
    },
    {
        "scenario": "AllOneInputs",
        "input variable": [
            {
                "a": "1",
                "b": "1"
            }
        ]
    },
    {
        "scenario": "OnlyAActive",
        "input variable": [
            {
                "a": "1",
                "b": "0"
            }
        ]
    },
    {
        "scenario": "OnlyBActive",
        "input variable": [
            {
                "a": "0",
                "b": "1"
            }
        ]
    },
    {
        "scenario": "ComplementaryInputsAB",
        "input variable": [
            {
                "a": "1",
                "b": "0"
            },
            {
                "a": "0",
                "b": "1"
            }
        ]
    },
    {
        "scenario": "SameInputsTransition",
        "input variable": [
            {
                "a": "0",
                "b": "0"
            },
            {
                "a": "1",
                "b": "1"
            }
        ]
    },
    {
        "scenario": "AlternatingPatternA",
        "input variable": [
            {
                "a": "0",
                "b": "0"
            },
            {
                "a": "1",
                "b": "0"
            }
        ]
    },
    {
        "scenario": "AlternatingPatternB",
        "input variable": [
            {
                "a": "1",
                "b": "0"
            },
            {
                "a": "1",
                "b": "1"
            }
        ]
    }
]