[
    {
        "scenario": "AllZeros",
        "input variable": [
            {
                "in": "000"
            }
        ]
    },
    {
        "scenario": "Single1_Position0",
        "input variable": [
            {
                "in": "001"
            }
        ]
    },
    {
        "scenario": "Single1_Position1",
        "input variable": [
            {
                "in": "010"
            }
        ]
    },
    {
        "scenario": "Single1_Position2",
        "input variable": [
            {
                "in": "100"
            }
        ]
    },
    {
        "scenario": "Double1s_Position01",
        "input variable": [
            {
                "in": "011"
            }
        ]
    },
    {
        "scenario": "Double1s_Position12",
        "input variable": [
            {
                "in": "110"
            }
        ]
    },
    {
        "scenario": "Double1s_Position02",
        "input variable": [
            {
                "in": "101"
            }
        ]
    },
    {
        "scenario": "AllOnes",
        "input variable": [
            {
                "in": "111"
            }
        ]
    },
    {
        "scenario": "RandomTest_0",
        "input variable": [
            {
                "in": "000"
            }
        ]
    },
    {
        "scenario": "RandomTest_1",
        "input variable": [
            {
                "in": "010"
            }
        ]
    },
    {
        "scenario": "RandomTest_2",
        "input variable": [
            {
                "in": "001"
            }
        ]
    },
    {
        "scenario": "RandomTest_3",
        "input variable": [
            {
                "in": "100"
            }
        ]
    },
    {
        "scenario": "RandomTest_4",
        "input variable": [
            {
                "in": "100"
            }
        ]
    },
    {
        "scenario": "RandomTest_5",
        "input variable": [
            {
                "in": "110"
            }
        ]
    },
    {
        "scenario": "RandomTest_6",
        "input variable": [
            {
                "in": "011"
            }
        ]
    },
    {
        "scenario": "RandomTest_7",
        "input variable": [
            {
                "in": "110"
            }
        ]
    },
    {
        "scenario": "RandomTest_8",
        "input variable": [
            {
                "in": "001"
            }
        ]
    },
    {
        "scenario": "RandomTest_9",
        "input variable": [
            {
                "in": "110"
            }
        ]
    }
]