[
    {
        "scenario": "SelectInputB",
        "input variable": [
            {
                "a": "0101",
                "b": "1010",
                "c": "0000",
                "d": "0011",
                "e": "0111"
            },
            {
                "a": "1111",
                "b": "0011",
                "c": "0000",
                "d": "0101",
                "e": "1001"
            }
        ]
    },
    {
        "scenario": "SelectInputE",
        "input variable": [
            {
                "a": "0011",
                "b": "0101",
                "c": "0001",
                "d": "0111",
                "e": "1010"
            },
            {
                "a": "1001",
                "b": "0110",
                "c": "0001",
                "d": "0100",
                "e": "1100"
            }
        ]
    },
    {
        "scenario": "SelectInputA",
        "input variable": [
            {
                "a": "1010",
                "b": "0101",
                "c": "0010",
                "d": "0011",
                "e": "0111"
            },
            {
                "a": "0110",
                "b": "1001",
                "c": "0010",
                "d": "0101",
                "e": "1000"
            }
        ]
    },
    {
        "scenario": "SelectInputD",
        "input variable": [
            {
                "a": "0101",
                "b": "0011",
                "c": "0011",
                "d": "1010",
                "e": "0111"
            },
            {
                "a": "1001",
                "b": "0110",
                "c": "0011",
                "d": "1100",
                "e": "0100"
            }
        ]
    },
    {
        "scenario": "DefaultOutput",
        "input variable": [
            {
                "a": "0101",
                "b": "0011",
                "c": "0100",
                "d": "1010",
                "e": "0111"
            },
            {
                "a": "1001",
                "b": "0110",
                "c": "1111",
                "d": "1100",
                "e": "0100"
            }
        ]
    },
    {
        "scenario": "AllZeroInputs",
        "input variable": [
            {
                "a": "0000",
                "b": "0000",
                "c": "0000",
                "d": "0000",
                "e": "0000"
            },
            {
                "a": "0000",
                "b": "0000",
                "c": "0001",
                "d": "0000",
                "e": "0000"
            },
            {
                "a": "0000",
                "b": "0000",
                "c": "0010",
                "d": "0000",
                "e": "0000"
            },
            {
                "a": "0000",
                "b": "0000",
                "c": "0011",
                "d": "0000",
                "e": "0000"
            }
        ]
    },
    {
        "scenario": "AllOnesInputs",
        "input variable": [
            {
                "a": "1111",
                "b": "1111",
                "c": "0000",
                "d": "1111",
                "e": "1111"
            },
            {
                "a": "1111",
                "b": "1111",
                "c": "0001",
                "d": "1111",
                "e": "1111"
            },
            {
                "a": "1111",
                "b": "1111",
                "c": "0010",
                "d": "1111",
                "e": "1111"
            },
            {
                "a": "1111",
                "b": "1111",
                "c": "0011",
                "d": "1111",
                "e": "1111"
            }
        ]
    },
    {
        "scenario": "AlternatingPatterns",
        "input variable": [
            {
                "a": "1010",
                "b": "0101",
                "c": "0000",
                "d": "1010",
                "e": "0101"
            },
            {
                "a": "0101",
                "b": "1010",
                "c": "0001",
                "d": "0101",
                "e": "1010"
            },
            {
                "a": "1010",
                "b": "0101",
                "c": "0010",
                "d": "1010",
                "e": "0101"
            },
            {
                "a": "0101",
                "b": "1010",
                "c": "0011",
                "d": "0101",
                "e": "1010"
            }
        ]
    }
]