[
  {
    "scenario": "AllZeroInputs",
    "input variable": [
      {
        "do_sub": "0",
        "a": "00000000",
        "b": "00000000"
      },
      {
        "do_sub": "1",
        "a": "00000000",
        "b": "00000000"
      }
    ],
    "output variable": [
      {
        "out": "00000000",
        "result_is_zero": "1"
      },
      {
        "out": "00000000",
        "result_is_zero": "1"
      }
    ]
  },
  {
    "scenario": "AllOnesInputs",
    "input variable": [
      {
        "do_sub": "0",
        "a": "11111111",
        "b": "11111111"
      },
      {
        "do_sub": "1",
        "a": "11111111",
        "b": "11111111"
      }
    ],
    "output variable": [
      {
        "out": "11111110",
        "result_is_zero": "0"
      },
      {
        "out": "00000000",
        "result_is_zero": "1"
      }
    ]
  },
  {
    "scenario": "AdditionOverflow",
    "input variable": [
      {
        "do_sub": "0",
        "a": "10000000",
        "b": "10000000"
      }
    ],
    "output variable": [
      {
        "out": "00000000",
        "result_is_zero": "1"
      }
    ]
  },
  {
    "scenario": "SubtractionUnderflow",
    "input variable": [
      {
        "do_sub": "1",
        "a": "00000000",
        "b": "00000001"
      }
    ],
    "output variable": [
      {
        "out": "11111111",
        "result_is_zero": "0"
      }
    ]
  },
  {
    "scenario": "AlternatingBitPattern",
    "input variable": [
      {
        "do_sub": "0",
        "a": "10101010",
        "b": "01010101"
      },
      {
        "do_sub": "1",
        "a": "10101010",
        "b": "01010101"
      }
    ],
    "output variable": [
      {
        "out": "11111111",
        "result_is_zero": "0"
      },
      {
        "out": "01010101",
        "result_is_zero": "0"
      }
    ]
  },
  {
    "scenario": "OneHotPattern",
    "input variable": [
      {
        "do_sub": "0",
        "a": "00000001",
        "b": "00000000"
      },
      {
        "do_sub": "0",
        "a": "00000010",
        "b": "00000000"
      },
      {
        "do_sub": "0",
        "a": "00000100",
        "b": "00000000"
      },
      {
        "do_sub": "0",
        "a": "00001000",
        "b": "00000000"
      },
      {
        "do_sub": "1",
        "a": "00010000",
        "b": "00000000"
      },
      {
        "do_sub": "1",
        "a": "00100000",
        "b": "00000000"
      },
      {
        "do_sub": "1",
        "a": "01000000",
        "b": "00000000"
      },
      {
        "do_sub": "1",
        "a": "10000000",
        "b": "00000000"
      }
    ],
    "output variable": [
      {
        "out": "00000001",
        "result_is_zero": "0"
      },
      {
        "out": "00000010",
        "result_is_zero": "0"
      },
      {
        "out": "00000100",
        "result_is_zero": "0"
      },
      {
        "out": "00001000",
        "result_is_zero": "0"
      },
      {
        "out": "00010000",
        "result_is_zero": "0"
      },
      {
        "out": "00100000",
        "result_is_zero": "0"
      },
      {
        "out": "01000000",
        "result_is_zero": "0"
      },
      {
        "out": "10000000",
        "result_is_zero": "0"
      }
    ]
  },
  {
    "scenario": "ZeroResultAddition",
    "input variable": [
      {
        "do_sub": "0",
        "a": "01011010",
        "b": "10100101"
      }
    ],
    "output variable": [
      {
        "out": "11111111",
        "result_is_zero": "0"
      }
    ]
  },
  {
    "scenario": "ZeroResultSubtraction",
    "input variable": [
      {
        "do_sub": "1",
        "a": "00110111",
        "b": "00110111"
      }
    ],
    "output variable": [
      {
        "out": "00000000",
        "result_is_zero": "1"
      }
    ]
  }
]