[
    {
        "scenario": "BasicTransparentMode",
        "input variable": [
            {
                "d": "110011110011",
                "ena": "111111111111",
                "clock cycles": 12
            }
        ]
    },
    {
        "scenario": "BasicHoldMode",
        "input variable": [
            {
                "d": "101010101010",
                "ena": "000000000000",
                "clock cycles": 12
            }
        ]
    },
    {
        "scenario": "EnableTransitions",
        "input variable": [
            {
                "d": "111111111111111",
                "ena": "111000111000111",
                "clock cycles": 15
            }
        ]
    },
    {
        "scenario": "DataTransitionsAtEnable",
        "input variable": [
            {
                "d": "1100110011001100",
                "ena": "1111000011110000",
                "clock cycles": 16
            }
        ]
    },
    {
        "scenario": "RapidDataToggle",
        "input variable": [
            {
                "d": "10101010101010101010",
                "ena": "11111111111111111111",
                "clock cycles": 20
            }
        ]
    },
    {
        "scenario": "AlternatingEnablePattern",
        "input variable": [
            {
                "d": "1111111111111111",
                "ena": "1010101010101010",
                "clock cycles": 16
            }
        ]
    },
    {
        "scenario": "DataChangeBeforeEnable",
        "input variable": [
            {
                "d": "111000111000111",
                "ena": "000111000111000",
                "clock cycles": 15
            }
        ]
    },
    {
        "scenario": "DataChangeAfterEnable",
        "input variable": [
            {
                "d": "000111000111000",
                "ena": "111000111000111",
                "clock cycles": 15
            }
        ]
    },
    {
        "scenario": "LongHoldPeriod",
        "input variable": [
            {
                "d": "10101010101010101111",
                "ena": "00000000000000000000",
                "clock cycles": 20
            }
        ]
    },
    {
        "scenario": "RandomPattern",
        "input variable": [
            {
                "d": "10110100111001011010101",
                "ena": "11010011100101101010100",
                "clock cycles": 25
            }
        ]
    }
]